Workbook

Sheet README
A1: KBO Backlog 설명서 — 3차 재검증(2026-09-05) 반영
A3: 항목 | B3: 설명
A4: Backlog의 의미 | B4: 공식 구단·구장·지자체/운영기관 자료에서 필요한 필드를 끝까지 확인하지 못했거나 일부만 확인된 항목입니다.
A5: NOT_FOUND | B5: 공식 공개자료를 다시 검색했지만 필요한 값 자체를 찾지 못했습니다. 비공식 블로그·커뮤니티 값은 넣지 않았습니다.
A6: PARTIAL_KEEP | B6: 기존에 일부 공식 값은 확보했지만 핵심 누락 필드가 남아 있어 PARTIAL 상태를 유지합니다.
A7: NEW_PARTIAL | B7: 이번 재검증에서 새 공식 근거를 찾아 OPEN에서 일부 확인 상태로 개선됐지만 전체 절차/값은 아직 미확인입니다.
A8: SUPPORTING_ONLY | B8: 관련 공식 공고·자료는 찾았지만 사용자가 필요한 현재값을 직접 증명하지 못해 보조근거로만 기록합니다.
A9: RAG 사용 원칙 | B9: Backlog의 '여전히 못 찾은 자료'는 확정 사실로 답변하지 않습니다. PARTIAL은 확인된 범위만 답하고, 나머지는 '공식 확인 불가'로 안내합니다.
A11: 주의사항 | B11: 설명
A12: 좌석 시야/지붕 | B12: 공식 좌석도·VR을 사람이 수동 판독해 파생값을 만들 수는 있지만, 공식 문서가 직접 명시한 값과는 구분해야 합니다.
A13: 재입장 | B13: 고척은 재입장 운영 자체만 공식 확인됐고, 다른 구장은 2026 현재 명시 규정을 못 찾았습니다.
A14: 입찰공고 | B14: 운영사업 입찰공고는 실제 최종 입점업체·메뉴·영업시간을 의미하지 않습니다.
A15: 과거 공식자료 | B15: 과거 수치가 있어도 2026 현재값을 대신할 수 없으면 RECHECK/Backlog로 유지합니다.
... A26: RAG 사용 원칙(유지) | B26: STRUCTURAL_GAP·NOT_PUBLIC은 확정 사실로 답변하지 않고 '공식 확인 불가' 또는 '공식 비공개'로 안내합니다. PARTIAL_FILLED는 확보된 범위만 답변합니다.

Sheet 요약
A1: Backlog 재검증 요약 — 3차(2026-09-05) 반영
A3: 구분 | B3: 총 Backlog | C3: NOT_FOUND | D3: PARTIAL_KEEP | E3: NEW_PARTIAL | F3: SUPPORTING_ONLY
A4: 파일1 · 구장정보 | B4: 26 | C4: 22 | D4: 2 | E4: 1 | F4: 1
A5: 파일2 · F&B/콘텐츠 | B5: 9 | C5: 7 | D5: 0 | E5: 0 | F5: 2
A6: 합계 | B6: 35 | C6: 29 | D6: 2 | E6: 1 | F6: 3
A8: 핵심 해석 | B8: 완전 해결된 Backlog는 없지만, 고척 재입장은 이번에 NEW_PARTIAL로 개선됐고 삼성 주차·KT/Samsung F&B는 보조 공식근거가 추가됐습니다.
A10: 3차 재검증(2026-09-05) 집계 — 최종 판정 기준
A11: 구분 | B11: 총 Backlog | C11: RESOLVABLE | D11: PARTIAL_FILLED | E11: NOT_PUBLIC | F11: DERIVED_ONLY | G11: STRUCTURAL_GAP
A12: 파일1 · 구장정보 | B12: =COUNTA(파일1_구장정보!$A$4:$A$29) -> 26 | C12: =COUNTIF(파일1_구장정보!$N$4:$N$29,"RESOLVABLE") -> 3 | D12: =COUNTIF(파일1_구장정보!$N$4:$N$29,"PARTIAL_FILLED") -> 3 | E12: =COUNTIF(파일1_구장정보!$N$4:$N$29,"NOT_PUBLIC") -> 1 | F12: =COUNTIF(파일1_구장정보!$N$4:$N$29,"DERIVED_ONLY") -> 1 | G12: =COUNTIF(파일1_구장정보!$N$4:$N$29,"STRUCTURAL_GAP") -> 18
A13: 파일2 · F&B/콘텐츠 | B13: =COUNTA('파일2_F&B콘텐츠'!$A$4:$A$12) -> 9 | C13: =COUNTIF('파일2_F&B콘텐츠'!$L$4:$L$12,"RESOLVABLE") -> 0 | D13: =COUNTIF('파일2_F&B콘텐츠'!$L$4:$L$12,"PARTIAL_FILLED") -> 3 | E13: =COUNTIF('파일2_F&B콘텐츠'!$L$4:$L$12,"NOT_PUBLIC") -> 0 | F13: =COUNTIF('파일2_F&B콘텐츠'!$L$4:$L$12,"DERIVED_ONLY") -> 0 | G13: =COUNTIF('파일2_F&B콘텐츠'!$L$4:$L$12,"STRUCTURAL_GAP") -> 6
A14: 합계 | B14: =B12+B13 -> 35 | C14: =C12+C13 -> 3 | D14: =D12+D13 -> 6 | E14: =E12+E13 -> 1 | F14: =F12+F13 -> 1 | G14: =G12+G13 -> 24
A16: 3차 핵심 해석 | B16: 35건 중 30건이 4개의 구조적 결손(재입장 10 · 좌석 시야/지붕 9 · 매장별 운영시간 9 · 비공개 가격 2)에 집중되며, 이는 개별 수집 실패가 아니라 리그·구단이 해당 필드를 텍스트로 발행하지 않는 구조에서 비롯됩니다. 실제로 노력하면 닫히는 항목은 주차 3건·버스 1건·좌석도 1건뿐이고, 이 중 주차 3건은 정부 표준데이터에서 해결 경로를 확인했습니다. 3차에서 6건에 공식 근거를 새로 붙였습니다.

Sheet 구조적결손분류
A1: 구조적 결손 분류 — 3차 재검증 기준
A3: 분류코드 | B3: 분류명 | C3: 해당 건수 | D3: 포함 항목 | E3: 왜 구조적 결손인가 | F3: 권고 조치
A4: STRUCT_REENTRY | B4: 재입장 규정 | C4: =COUNTIF(파일1_구장정보!$M$4:$M$29,"재입장 규정") -> 10 | D4: 파일1 No.17~26 | E4: KBO 경기장 안전가이드라인 페이지조차 텍스트가 아닌 이미지 그래픽으로만 게시되며 재입장 조항이 없음. 한화 공식 FAQ 전 항목, KT 입장안내, SSG 티켓, LG·키움 예매안내에도 문구 없음. 고척(서울시설공단 FAQ)만 재입장 운영 사실이 확인되는 유일한 예외. | F4: 필드를 스키마에서 제외하거나 '공식 미발행'을 정식 값으로 인정. RAG는 '구단별 현장 운영 사항'으로 안내.
A5: STRUCT_SEATVIEW | B5: 좌석 시야·지붕 | C5: =COUNTIF(파일1_구장정보!$M$4:$M$29,"좌석 시야·지붕") -> 9 | D5: 파일1 No.8~16 | E5: 좌석도와 360도 VR은 존재하지만 블록/열별 지붕 차폐·실제 시야가 텍스트로 구조화되지 않음. 삼성·SSG·KIA·KT·NC 5개 구단 공식 페이지를 직접 열람해 이미지 전용 발행 구조를 확인. | F5: 이미지·VR 수동 판독 파생값을 쓰려면 evidence_type=DERIVED로 분리 저장하고 공식 명시값과 구분.
A6: STRUCT_FNB_HOURS | B6: 매장별 운영시간 | C6: =COUNTIF('파일2_F&B콘텐츠'!$K$4:$K$12,"매장별 운영시간") -> 9 | D6: 파일2 B01~B09 | E6: 9개 구장 전부 매장별 영업시간을 발행하지 않음. 브랜드·메뉴·상설 콘텐츠는 운영사 공식 자료로 부분 확보가 가능하나(대전·대구·사직에서 실제 확보) 시간 필드만은 어느 경로에도 없음. | F6: 운영시간을 선택 항목으로 강등하고, 브랜드·위치·메뉴만 CONFIRMED 대상으로 운영.
A7: STRUCT_NOT_PUBLIC | B7: 비공개 가격 | C7: =COUNTIF(파일1_구장정보!$M$4:$M$29,"비공개 가격") -> 2 | D7: 파일1 No.1~2 | E7: NC 스카이박스·C타입은 1:1 채팅 문의 판매 구조라 공개 정가 자체가 존재하지 않음. 삼성 스윗박스는 공식 요금표 이미지 안에도 미표기. 둘 다 '못 찾은 것'이 아니라 '공개가 없는 것'. | F7: NOT_FOUND가 아닌 NOT_PUBLIC으로 종결. 추적 대상에서 제외하고 사유만 문서화.
A8: RESOLVABLE | B8: 해결 가능 | C8: =COUNTIF(파일1_구장정보!$M$4:$M$29,"해결 가능") -> 5 | D8: 파일1 No.3~7 | E8: 주차 3건·버스 1건은 정부 표준데이터와 지자체 공개데이터에 해당 필드가 표준 항목으로 존재함을 확인. 좌석도 1건은 예매 화면 판독으로만 가능. | F8: 전국주차장정보표준데이터를 내려받아 3개 구장 주차장 레코드를 대조하는 것이 다음 최우선 작업.
A9: 합계 | C9: =SUM(C4:C8) -> 35

Sheet 파일1_구장정보
A1: 파일1 · 구장정보 Backlog 설명
A3: No | B3: 우선순위 | C3: 구장코드 | D3: 팀 | E3: 분류 | F3: 무엇을 못 찾았나 | G3: 현재까지 공식적으로 확인한 것 | H3: 그래도 아직 못 찾은 것 | I3: 재검증 결과 | J3: 왜 미확인/주의사항 | K3: 다음 공식 확인처 | L3: 공식 출처 URL | M3: 구조적 분류(3차) | N3: 3차 재검증 결과 | O3: 3차에서 새로 확보한 것 | P3: 3차 근거 출처
A4: 1 | B4: P0 | C4: CHANGWON | D4: NC | E4: SEAT_PRICE | F4: 2026 시즌 고정 가격표 및 매진 상품의 가격 단위 | G4: NC 공식 2026 일반 티켓 안내는 재확인했으나 매진/혼합 노출 상품의 고정 가격 단위는 확인되지 않음. | H4: 2026 시즌 고정 가격표 및 매진 상품의 가격 단위 | I4: NOT_FOUND | J4: 실제 결제 단계에서 매진 상품의 가격 단위를 확인해야 함. | K4: NC 다이노스 공식 시즌 티켓 공지·실제 결제 단계 | L4: https://ticket.ncdinos.com/product/2026-regular-ticket.jpg | M4: 비공개 가격 | N4: PARTIAL_FILLED | O4: NC 공식 공지(2026-02-07)에서 2026 시즌티켓 상품체계 확보 — N타입(모바일앱)·C타입(지류 티켓북)·스카이박스·드림티켓 4종, 홈 73경기 기준. 드림티켓이 '정가의 50%인 39만 9,000원'으로 명시돼 해당 내야석(1·2층) 정가 798,000원을 공식 문서로 역산 가능(60석 한정, 1인 최대 4매). ※ 스카이박스·C타입은 '홈페이지 또는 앱 내 1:1 채팅 문의'로만 판매돼 공개 정가 자체가 부재 → 잔여분은 NOT_FOUND가 아닌 NOT_PUBLIC으로 종결 권고. | P4: https://www.ncdinos.com/dinos/notice/view.do?seq=541889 (구단 공식 공지, 2026-02-07)
A5: 2 | B5: P0 | C5: DAEGU | D5: SAMSUNG | E5: SEAT_PRICE | F5: 스윗박스 2026 판매 가격 | G5: 2026 스윗박스 리모델링 공사 공식공고를 재확인했으나 판매가격은 없음. | H5: 스윗박스 2026 실제 판매 가격(1인/실 단위 포함) | I5: NOT_FOUND | J5: 공사금액은 좌석 판매가격이 아니므로 사용하지 않음. | K5: 삼성 라이온즈 공식 예매 페이지·스윗박스 판매 공지 | L5: https://www.samsunglions.com/intro/intro02.asp?act=view&idx=1017173 | M5: 비공개 가격 | N5: NOT_PUBLIC | O5: 삼성 공식 입장요금/좌석 안내 페이지를 직접 열람한 결과 요금표가 텍스트 없이 이미지 1장으로만 게시되며, 그 이미지 안에도 스윗박스 판매가는 표기되지 않음. 공식 경로에 판매가가 존재하지 않는 것으로 확인. | P5: https://www.samsunglions.com/score/score_4_2_1.asp (구단 공식, 2026-09-05 열람)
A6: 3 | B6: P1 | C6: GWANGJU | D6: KIA | E6: SEAT_MAP | F6: 외야가족석의 정확한 블록 위치 | G6: KIA 공식 시설 안내·좌석 관련 공개자료를 재검색했으나 '외야가족석'의 정확한 블록 라벨은 확인되지 않음. | H6: 외야가족석의 정확한 블록 위치 | I6: NOT_FOUND | J6: 예매 좌석 선택 화면에서 시즌 중 직접 확인 필요. | K6: KIA 공식 상세 블록 좌석도·예매 좌석 선택 화면 | M6: 해결 가능 | N6: DERIVED_ONLY | O6: KIA 공식 시설안내 페이지가 관람석 사진 갤러리로만 구성돼 블록 라벨 텍스트가 없음을 확인. 외야가족석 블록은 시즌 중 예매 좌석선택 화면 판독으로만 특정 가능 → 확보하더라도 공식 문서 근거가 아니므로 evidence_type=DERIVED로 분리 저장 필요. | P6: https://tigers.co.kr/tigers/champions-field/facility-guide (구단 공식, 2026-09-05 열람)
A7: 4 | B7: P1 | C7: DAEJEON | D7: HANWHA | E7: PUBLIC_TRANSIT | F7: 경기일 최신 버스 노선·정류장 | G7: 기존 확보 공식자료 재확인: 급행4·513·604 경유 및 2026-04-11~08-30 주말 홈경기 한시 증편. | H7: 공식 정류장명/정류장 ID 및 2026-09-04 이후 경기일 임시편 여부 | I7: PARTIAL_KEEP | J7: 증편 기간 종료. 비공식 사이트의 정류장명은 공식근거가 아니므로 제외. | K7: 대전교통정보센터·한화 경기일 교통 공지 | L7: https://www.daejeon.go.kr/drh/board/boardNormalView.do?boardId=normal_0189&menuSeq=1632&ntatcSeq=1511463750&pageIndex=53&recordCountPerPage=10 | M7: 해결 가능 | N7: RESOLVABLE | O7: 정류소명·정류소ID는 지자체 대중교통 공개데이터의 필수 항목이므로 대전시 BIS·정류소 공개데이터에서 확보 가능. ※ 해당 데이터셋에 볼파크 인근 정류소가 실제 수록됐는지는 미검증 — 다음 단계에서 파일 대조 필요. | P7: 대전시 대중교통 공개데이터 (경로 제안, 미검증)
A8: 5 | B8: P1 | C8: DAEJEON | D8: HANWHA | E8: PARKING | F8: 주차장 위치·수용면·요금·예약 조건 | G8: 기존 확보 공식자료 재확인: 대사문화공원 73면, 사회복지관 건립부지 개방, 부사동 126-5 재개방. | H8: 2026-09-04 현재 각 주차장의 요금·예약조건·운영 지속 여부 | I8: PARTIAL_KEEP | J8: 후속 공식자료 기준. 계획단계 자료: https://daejeon.go.kr/drh/board/boardNormalView.do?boardId=normal_0189&menuSeq=6825&ntatcSeq=1508703302&pageIndex=1 | K8: 대전시·시설관리기관·한화 경기일 주차 공지 | L8: https://daejeon.go.kr/its/ItsdjNormalboardView.do?boardGubun=itsdj04&boardSeq=3742&menuSeq=5933&pageIndex=1 | M8: 해결 가능 | N8: PARTIAL_FILLED | O8: 한화 공식 FAQ에서 예약 조건 확정 — "지하주차장은 지하 1층만 사용 가능하며, 경기장 입장시간 1시간 전부터 입차할 수 있습니다.(평일 3시간 전, 주말 3시간 30분 전)", "선착순으로 운영되며 만차 시 지상 주차장 및 외부 주차장을 이용". → reservation_required=N 확정. 잔여 필드(요금·수용면)는 전국주차장정보표준데이터로 해결 가능. | P8: https://www.hanwhaeagles.co.kr/ETC/CU/ETCCUCUI01.do?kind=FQ2 / https://www.data.go.kr/data/15012896/standard.do
A9: 6 | B9: P1 | C9: DAEGU | D9: SAMSUNG | E9: PARKING | F9: 2026 일반 주차요금·운영 수용면 | G9: 삼성 공식 2026 시즌권 안내에서 라팍 지하주차장·달구벌주차장 차량등록 신청서 운영을 확인. | H9: 2026 일반 관람객 주차요금 및 실제 운영 수용면 | I9: SUPPORTING_ONLY | J9: 시즌권 회원 차량등록 자료라 일반 관람객 요금·수용면을 확정할 수 없음. | K9: 삼성 라이온즈·대구시 경기일 주차 공지 | L9: https://www.samsunglions.com/intro/intro02.asp?act=view&idx=1017186 | M9: 해결 가능 | N9: RESOLVABLE | O9: 전국주차장정보표준데이터(국토교통부 소관·지자체 제공, 최종수정 2026-04-20, 반기 갱신)에 주차구획수·기본요금·추가단위요금·운영시간이 표준 항목으로 포함. 대구광역시 통합주차정보시스템도 현재 운영 중(공지 2026-04-07)으로 수성구 공영·민간·개방주차 실시간 정보 제공. ※ 라팍 주차장 레코드 수록 여부는 파일을 내려받아 확인 필요. | P9: https://www.data.go.kr/data/15012896/standard.do / https://pis.daegu.go.kr/
A10: 7 | B10: P1 | C10: GWANGJU | D10: KIA | E10: PARKING | F10: 2026 경기일 주차 수용면·요금 | G10: KIA/광주시 공식 공개자료를 재검색했으나 2026 경기일 전용 주차 수용면과 요금을 동시에 확인할 최신 공지를 찾지 못함. | H10: 2026 경기일 주차 수용면·요금 | I10: NOT_FOUND | J10: 비공식 주차 안내는 값이 상충해 제외. | K10: KIA 타이거즈·광주시 경기일 주차 공지 | M10: 해결 가능 | N10: RESOLVABLE | O10: 위 표준데이터 + 광주광역시 주차장현황으로 해결 가능. 참고 단서: 2024-08-28 보도에 지하 621면·무등야구장 1,037면·임동 공영 295면(계 1,953면)과 유료화 검토안(경기일 3,000~5,000원)이 있으나 광주시가 '확정된 시책이 아니다'라고 밝혀 확정 입력 불가. | P10: https://www.data.go.kr/data/15012896/standard.do / https://www.nocutnews.co.kr/news/6202752 (참고용)
A11: 8 | B11: P1 | C11: JAMSIL | D11: LG | E11: SEAT_VIEW_ROOF | F11: LG 홈경기 블록별 실제 시야·지붕 범위 | G11: 공식 좌석도·예매화면·VR에서 구조화된 블록/열별 지붕 차폐 및 실제 시야 필드를 재검색했으나 텍스트 기준 미확보. | H11: LG 홈경기 블록별 실제 시야·지붕 범위 | I11: NOT_FOUND | J11: 공식 이미지/VR 수동 판독으로 파생값을 만들 수는 있으나 문서가 명시한 공식 구조화 값과는 구분해야 함. | K11: LG 공식 좌석보기·블록별 예매 화면 | M11: 좌석 시야·지붕 | N11: STRUCTURAL_GAP | O11: 3차에서도 동일. 구단 공식 좌석 안내가 이미지·360 VR로만 발행되고 블록/열별 지붕 차폐·실제 시야가 텍스트로 구조화되지 않는 구조를 삼성·SSG·KIA·KT·NC 5개 구단 페이지 직접 열람으로 확인. 개별 구장 누락이 아니라 산업 공통 결손으로 재분류. | P11: 구단 공식 좌석 안내(이미지 전용) / 구조적결손분류 시트 STRUCT_SEATVIEW 참조
A12: 9 | B12: P1 | C12: JAMSIL | D12: DOOSAN | E12: SEAT_VIEW_ROOF | F12: 두산 홈경기 블록별 실제 시야·지붕 범위 | G12: 공식 좌석도·예매화면·VR에서 구조화된 블록/열별 지붕 차폐 및 실제 시야 필드를 재검색했으나 텍스트 기준 미확보. | H12: 두산 홈경기 블록별 실제 시야·지붕 범위 | I12: NOT_FOUND | J12: 공식 이미지/VR 수동 판독으로 파생값을 만들 수는 있으나 문서가 명시한 공식 구조화 값과는 구분해야 함. | K12: 두산 공식 예매 좌석보기 | M12: 좌석 시야·지붕 | N12: STRUCTURAL_GAP | O12: 3차에서도 동일. 구단 공식 좌석 안내가 이미지·360 VR로만 발행되고 블록/열별 지붕 차폐·실제 시야가 텍스트로 구조화되지 않는 구조를 삼성·SSG·KIA·KT·NC 5개 구단 페이지 직접 열람으로 확인. 개별 구장 누락이 아니라 산업 공통 결손으로 재분류. | P12: 구단 공식 좌석 안내(이미지 전용) / 구조적결손분류 시트 STRUCT_SEATVIEW 참조
A13: 10 | B13: P1 | C13: MUNHAK | D13: SSG | E13: SEAT_VIEW_ROOF | F13: 구역별 실제 시야·지붕 범위 | G13: 공식 좌석도·예매화면·VR에서 구조화된 블록/열별 지붕 차폐 및 실제 시야 필드를 재검색했으나 텍스트 기준 미확보. | H13: 구역별 실제 시야·지붕 범위 | I13: NOT_FOUND | J13: 공식 이미지/VR 수동 판독으로 파생값을 만들 수는 있으나 문서가 명시한 공식 구조화 값과는 구분해야 함. | K13: SSG 공식 좌석보기·예매 좌석 선택 화면 | M13: 좌석 시야·지붕 | N13: STRUCTURAL_GAP | O13: 3차에서도 동일. 구단 공식 좌석 안내가 이미지·360 VR로만 발행되고 블록/열별 지붕 차폐·실제 시야가 텍스트로 구조화되지 않는 구조를 삼성·SSG·KIA·KT·NC 5개 구단 페이지 직접 열람으로 확인. 개별 구장 누락이 아니라 산업 공통 결손으로 재분류. | P13: 구단 공식 좌석 안내(이미지 전용) / 구조적결손분류 시트 STRUCT_SEATVIEW 참조
A14: 11 | B14: P1 | C14: SUWON | D14: KT | E14: SEAT_VIEW_ROOF | F14: 구역별 실제 시야·지붕 범위 | G14: 공식 좌석도·예매화면·VR에서 구조화된 블록/열별 지붕 차폐 및 실제 시야 필드를 재검색했으나 텍스트 기준 미확보. | H14: 구역별 실제 시야·지붕 범위 | I14: NOT_FOUND | J14: 공식 이미지/VR 수동 판독으로 파생값을 만들 수는 있으나 문서가 명시한 공식 구조화 값과는 구분해야 함. | K14: KT 공식 좌석보기·예매 좌석 선택 화면 | M14: 좌석 시야·지붕 | N14: STRUCTURAL_GAP | O14: 3차에서도 동일. 구단 공식 좌석 안내가 이미지·360 VR로만 발행되고 블록/열별 지붕 차폐·실제 시야가 텍스트로 구조화되지 않는 구조를 삼성·SSG·KIA·KT·NC 5개 구단 페이지 직접 열람으로 확인. 개별 구장 누락이 아니라 산업 공통 결손으로 재분류. | P14: 구단 공식 좌석 안내(이미지 전용) / 구조적결손분류 시트 STRUCT_SEATVIEW 참조
A15: 12 | B15: P1 | C15: DAEJEON | D15: HANWHA | E15: ROOF_COVERAGE | F15: 구역별 우천 차폐 범위 | G15: 공식 좌석도·예매화면·VR에서 구조화된 블록/열별 지붕 차폐 및 실제 시야 필드를 재검색했으나 텍스트 기준 미확보. | H15: 구역별 우천 차폐 범위 | I15: NOT_FOUND | J15: 공식 이미지/VR 수동 판독으로 파생값을 만들 수는 있으나 문서가 명시한 공식 구조화 값과는 구분해야 함. | K15: 한화 공식 360도 좌석 VR·구장 단면 안내 | M15: 좌석 시야·지붕 | N15: STRUCTURAL_GAP | O15: 3차에서도 동일. 구단 공식 좌석 안내가 이미지·360 VR로만 발행되고 블록/열별 지붕 차폐·실제 시야가 텍스트로 구조화되지 않는 구조를 삼성·SSG·KIA·KT·NC 5개 구단 페이지 직접 열람으로 확인. 개별 구장 누락이 아니라 산업 공통 결손으로 재분류. | P15: 구단 공식 좌석 안내(이미지 전용) / 구조적결손분류 시트 STRUCT_SEATVIEW 참조
A16: 13 | B16: P1 | C16: DAEGU | D16: SAMSUNG | E16: SEAT_VIEW_ROOF | F16: 구역별 실제 시야·지붕 범위 | G16: 공식 좌석도·예매화면·VR에서 구조화된 블록/열별 지붕 차폐 및 실제 시야 필드를 재검색했으나 텍스트 기준 미확보. | H16: 구역별 실제 시야·지붕 범위 | I16: NOT_FOUND | J16: 공식 이미지/VR 수동 판독으로 파생값을 만들 수는 있으나 문서가 명시한 공식 구조화 값과는 구분해야 함. | K16: 삼성 공식 좌석도·예매 좌석 선택 화면 | M16: 좌석 시야·지붕 | N16: STRUCTURAL_GAP | O16: 3차에서도 동일. 구단 공식 좌석 안내가 이미지·360 VR로만 발행되고 블록/열별 지붕 차폐·실제 시야가 텍스트로 구조화되지 않는 구조를 삼성·SSG·KIA·KT·NC 5개 구단 페이지 직접 열람으로 확인. 개별 구장 누락이 아니라 산업 공통 결손으로 재분류. | P16: 구단 공식 좌석 안내(이미지 전용) / 구조적결손분류 시트 STRUCT_SEATVIEW 참조
A17: 14 | B17: P1 | C17: GWANGJU | D17: KIA | E17: SEAT_VIEW_ROOF | F17: 구역별 실제 시야·지붕 범위 | G17: 공식 좌석도·예매화면·VR에서 구조화된 블록/열별 지붕 차폐 및 실제 시야 필드를 재검색했으나 텍스트 기준 미확보. | H17: 구역별 실제 시야·지붕 범위 | I17: NOT_FOUND | J17: 공식 이미지/VR 수동 판독으로 파생값을 만들 수는 있으나 문서가 명시한 공식 구조화 값과는 구분해야 함. | K17: KIA 공식 좌석도·예매 좌석 선택 화면 | M17: 좌석 시야·지붕 | N17: STRUCTURAL_GAP | O17: 3차에서도 동일. 구단 공식 좌석 안내가 이미지·360 VR로만 발행되고 블록/열별 지붕 차폐·실제 시야가 텍스트로 구조화되지 않는 구조를 삼성·SSG·KIA·KT·NC 5개 구단 페이지 직접 열람으로 확인. 개별 구장 누락이 아니라 산업 공통 결손으로 재분류. | P17: 구단 공식 좌석 안내(이미지 전용) / 구조적결손분류 시트 STRUCT_SEATVIEW 참조
A18: 15 | B18: P1 | C18: SAJIK | D18: LOTTE | E18: ROOF_COVERAGE | F18: 일반 좌석 구역별 지붕 범위 | G18: 공식 좌석도·예매화면·VR에서 구조화된 블록/열별 지붕 차폐 및 실제 시야 필드를 재검색했으나 텍스트 기준 미확보. | H18: 일반 좌석 구역별 지붕 범위 | I18: NOT_FOUND | J18: 공식 이미지/VR 수동 판독으로 파생값을 만들 수는 있으나 문서가 명시한 공식 구조화 값과는 구분해야 함. | K18: 롯데 공식 좌석도·예매 좌석 선택 화면 | M18: 좌석 시야·지붕 | N18: STRUCTURAL_GAP | O18: 3차에서도 동일. 구단 공식 좌석 안내가 이미지·360 VR로만 발행되고 블록/열별 지붕 차폐·실제 시야가 텍스트로 구조화되지 않는 구조를 삼성·SSG·KIA·KT·NC 5개 구단 페이지 직접 열람으로 확인. 개별 구장 누락이 아니라 산업 공통 결손으로 재분류. | P18: 구단 공식 좌석 안내(이미지 전용) / 구조적결손분류 시트 STRUCT_SEATVIEW 참조
A19: 16 | B19: P1 | C19: CHANGWON | D19: NC | E19: SEAT_VIEW_ROOF | F19: 블록별 실제 시야·지붕 범위 | G19: 공식 좌석도·예매화면·VR에서 구조화된 블록/열별 지붕 차폐 및 실제 시야 필드를 재검색했으나 텍스트 기준 미확보. | H19: 블록별 실제 시야·지붕 범위 | I19: NOT_FOUND | J19: 공식 이미지/VR 수동 판독으로 파생값을 만들 수는 있으나 문서가 명시한 공식 구조화 값과는 구분해야 함. | K19: NC 공식 좌석 선택 화면·경기장 안내 | M19: 좌석 시야·지붕 | N19: STRUCTURAL_GAP | O19: 3차에서도 동일. 구단 공식 좌석 안내가 이미지·360 VR로만 발행되고 블록/열별 지붕 차폐·실제 시야가 텍스트로 구조화되지 않는 구조를 삼성·SSG·KIA·KT·NC 5개 구단 페이지 직접 열람으로 확인. 개별 구장 누락이 아니라 산업 공통 결손으로 재분류. | P19: 구단 공식 좌석 안내(이미지 전용) / 구조적결손분류 시트 STRUCT_SEATVIEW 참조
A20: 17 | B20: P1 | C20: JAMSIL | D20: LG | E20: REENTRY | F20: LG 홈경기 재입장 허용 여부·절차 | G20: 구단 공식 예매/경기일 안내 및 시설 운영기관 페이지를 재검색했으나 2026 현재 재입장 규정의 명시 문구를 찾지 못함. | H20: LG 홈경기 재입장 허용 여부·절차 | I20: NOT_FOUND | J20: 커뮤니티·블로그 경험담은 공식자료 원칙에 따라 제외. | K20: LG 공식 예매 FAQ·경기일 운영 공지 | M20: 재입장 규정 | N20: STRUCTURAL_GAP | O20: 3차에서 KBO 본부 자료까지 확대 검증. KBO 경기장 안전가이드라인 페이지도 텍스트가 아닌 이미지 그래픽으로만 게시되며 재입장 조항이 없음. 한화 공식 FAQ 전 항목, KT 입장안내, SSG 티켓, LG·키움 예매안내에도 재입장 문구 없음 → 리그·구단 공통 미발행으로 확정. | P20: https://www.koreabaseball.com/kbo/businessandevent/safeguide.aspx
A21: 18 | B21: P1 | C21: JAMSIL | D21: DOOSAN | E21: REENTRY | F21: 두산 홈경기 재입장 허용 여부·절차 | G21: 구단 공식 예매/경기일 안내 및 시설 운영기관 페이지를 재검색했으나 2026 현재 재입장 규정의 명시 문구를 찾지 못함. | H21: 두산 홈경기 재입장 허용 여부·절차 | I21: NOT_FOUND | J21: 커뮤니티·블로그 경험담은 공식자료 원칙에 따라 제외. | K21: 두산 공식 예매 FAQ·경기일 운영 공지 | M21: 재입장 규정 | N21: STRUCTURAL_GAP | O21: 3차에서 KBO 본부 자료까지 확대 검증. KBO 경기장 안전가이드라인 페이지도 텍스트가 아닌 이미지 그래픽으로만 게시되며 재입장 조항이 없음. 한화 공식 FAQ 전 항목, KT 입장안내, SSG 티켓, LG·키움 예매안내에도 재입장 문구 없음 → 리그·구단 공통 미발행으로 확정. | P21: https://www.koreabaseball.com/kbo/businessandevent/safeguide.aspx
A22: 19 | B22: P1 | C22: GOCHEOK | D22: KIWOOM | E22: REENTRY | F22: 키움 홈경기 재입장 허용 여부·절차 | G22: 서울시설공단 공식 FAQ에서 '경기장 재입장 시 음식물 반입 불가'를 명시. 재입장 자체가 운영됨은 공식 확인 가능. | H22: 재입장 허용 조건·게이트/인증 방식·가능 시간 등 구체 절차 | I22: NEW_PARTIAL | J22: 재입장 존재만 확인. 음식물 외 조건 및 절차는 공개되지 않음. | K22: 서울시설공단 공식 FAQ·키움 공식 예매/경기일 운영 공지 | L22: https://www.sisul.or.kr/open_content/skydome/bbs/bbsMsgDetail.do?bcd=faq&msg_seq=266 | M22: 재입장 규정 | N22: PARTIAL_FILLED | O22: 2차의 NEW_PARTIAL 유지. 서울시설공단 FAQ에서 '경기장 재입장 시 음식물 반입 불가'로 재입장 운영 사실만 확인되며, 3차에서도 허용조건·게이트/인증 방식·가능 시간은 미발행. 다만 서울시설공단 시설현황에서 층별 매점 위치와 주차 484면 등 인접 데이터를 신규 확보. | P22: https://www.sisul.or.kr/open_content/skydome/introduce/facility.jsp
A23: 20 | B23: P1 | C23: MUNHAK | D23: SSG | E23: REENTRY | F23: SSG 홈경기 재입장 허용 여부·절차 | G23: 구단 공식 예매/경기일 안내 및 시설 운영기관 페이지를 재검색했으나 2026 현재 재입장 규정의 명시 문구를 찾지 못함. | H23: SSG 홈경기 재입장 허용 여부·절차 | I23: NOT_FOUND | J23: 커뮤니티·블로그 경험담은 공식자료 원칙에 따라 제외. | K23: SSG 공식 예매 FAQ·경기일 운영 공지 | M23: 재입장 규정 | N23: STRUCTURAL_GAP | O23: 3차에서 KBO 본부 자료까지 확대 검증. KBO 경기장 안전가이드라인 페이지도 텍스트가 아닌 이미지 그래픽으로만 게시되며 재입장 조항이 없음. 한화 공식 FAQ 전 항목, KT 입장안내, SSG 티켓, LG·키움 예매안내에도 재입장 문구 없음 → 리그·구단 공통 미발행으로 확정. | P23: https://www.koreabaseball.com/kbo/businessandevent/safeguide.aspx
A24: 21 | B24: P1 | C24: SUWON | D24: KT | E24: REENTRY | F24: KT 홈경기 재입장 허용 여부·절차 | G24: 구단 공식 예매/경기일 안내 및 시설 운영기관 페이지를 재검색했으나 2026 현재 재입장 규정의 명시 문구를 찾지 못함. | H24: KT 홈경기 재입장 허용 여부·절차 | I24: NOT_FOUND | J24: 커뮤니티·블로그 경험담은 공식자료 원칙에 따라 제외. | K24: KT 공식 예매 FAQ·경기일 운영 공지 | M24: 재입장 규정 | N24: STRUCTURAL_GAP | O24: 3차에서 KBO 본부 자료까지 확대 검증. KBO 경기장 안전가이드라인 페이지도 텍스트가 아닌 이미지 그래픽으로만 게시되며 재입장 조항이 없음. 한화 공식 FAQ 전 항목, KT 입장안내, SSG 티켓, LG·키움 예매안내에도 재입장 문구 없음 → 리그·구단 공통 미발행으로 확정. | P24: https://www.koreabaseball.com/kbo/businessandevent/safeguide.aspx
A25: 22 | B25: P1 | C25: DAEJEON | D25: HANWHA | E25: REENTRY | F25: 한화 홈경기 재입장 허용 여부·절차 | G25: 구단 공식 예매/경기일 안내 및 시설 운영기관 페이지를 재검색했으나 2026 현재 재입장 규정의 명시 문구를 찾지 못함. | H25: 한화 홈경기 재입장 허용 여부·절차 | I25: NOT_FOUND | J25: 커뮤니티·블로그 경험담은 공식자료 원칙에 따라 제외. | K25: 한화 공식 예매 FAQ·경기일 운영 공지 | M25: 재입장 규정 | N25: STRUCTURAL_GAP | O25: 3차에서 KBO 본부 자료까지 확대 검증. KBO 경기장 안전가이드라인 페이지도 텍스트가 아닌 이미지 그래픽으로만 게시되며 재입장 조항이 없음. 한화 공식 FAQ 전 항목, KT 입장안내, SSG 티켓, LG·키움 예매안내에도 재입장 문구 없음 → 리그·구단 공통 미발행으로 확정. | P25: https://www.koreabaseball.com/kbo/businessandevent/safeguide.aspx
A26: 23 | B26: P1 | C26: DAEGU | D26: SAMSUNG | E26: REENTRY | F26: 삼성 홈경기 재입장 허용 여부·절차 | G26: 구단 공식 예매/경기일 안내 및 시설 운영기관 페이지를 재검색했으나 2026 현재 재입장 규정의 명시 문구를 찾지 못함. | H26: 삼성 홈경기 재입장 허용 여부·절차 | I26: NOT_FOUND | J26: 커뮤니티·블로그 경험담은 공식자료 원칙에 따라 제외. | K26: 삼성 공식 예매 FAQ·경기일 운영 공지 | M26: 재입장 규정 | N26: STRUCTURAL_GAP | O26: 3차에서 KBO 본부 자료까지 확대 검증. KBO 경기장 안전가이드라인 페이지도 텍스트가 아닌 이미지 그래픽으로만 게시되며 재입장 조항이 없음. 한화 공식 FAQ 전 항목, KT 입장안내, SSG 티켓, LG·키움 예매안내에도 재입장 문구 없음 → 리그·구단 공통 미발행으로 확정. | P26: https://www.koreabaseball.com/kbo/businessandevent/safeguide.aspx
A27: 24 | B27: P1 | C27: GWANGJU | D27: KIA | E27: REENTRY | F27: KIA 홈경기 재입장 허용 여부·절차 | G27: 구단 공식 예매/경기일 안내 및 시설 운영기관 페이지를 재검색했으나 2026 현재 재입장 규정의 명시 문구를 찾지 못함. | H27: KIA 홈경기 재입장 허용 여부·절차 | I27: NOT_FOUND | J27: 커뮤니티·블로그 경험담은 공식자료 원칙에 따라 제외. | K27: KIA 공식 예매 FAQ·경기일 운영 공지 | M27: 재입장 규정 | N27: STRUCTURAL_GAP | O27: 3차에서 KBO 본부 자료까지 확대 검증. KBO 경기장 안전가이드라인 페이지도 텍스트가 아닌 이미지 그래픽으로만 게시되며 재입장 조항이 없음. 한화 공식 FAQ 전 항목, KT 입장안내, SSG 티켓, LG·키움 예매안내에도 재입장 문구 없음 → 리그·구단 공통 미발행으로 확정. | P27: https://www.koreabaseball.com/kbo/businessandevent/safeguide.aspx
A28: 25 | B28: P1 | C28: SAJIK | D28: LOTTE | E28: REENTRY | F28: 롯데 홈경기 재입장 허용 여부·절차 | G28: 구단 공식 예매/경기일 안내 및 시설 운영기관 페이지를 재검색했으나 2026 현재 재입장 규정의 명시 문구를 찾지 못함. | H28: 롯데 홈경기 재입장 허용 여부·절차 | I28: NOT_FOUND | J28: 커뮤니티·블로그 경험담은 공식자료 원칙에 따라 제외. | K28: 롯데 공식 예매 FAQ·경기일 운영 공지 | M28: 재입장 규정 | N28: STRUCTURAL_GAP | O28: 3차에서 KBO 본부 자료까지 확대 검증. KBO 경기장 안전가이드라인 페이지도 텍스트가 아닌 이미지 그래픽으로만 게시되며 재입장 조항이 없음. 한화 공식 FAQ 전 항목, KT 입장안내, SSG 티켓, LG·키움 예매안내에도 재입장 문구 없음 → 리그·구단 공통 미발행으로 확정. | P28: https://www.koreabaseball.com/kbo/businessandevent/safeguide.aspx
A29: 26 | B29: P1 | C29: CHANGWON | D29: NC | E29: REENTRY | F29: NC 홈경기 재입장 허용 여부·절차 | G29: 구단 공식 예매/경기일 안내 및 시설 운영기관 페이지를 재검색했으나 2026 현재 재입장 규정의 명시 문구를 찾지 못함. | H29: NC 홈경기 재입장 허용 여부·절차 | I29: NOT_FOUND | J29: 커뮤니티·블로그 경험담은 공식자료 원칙에 따라 제외. | K29: NC 공식 예매 FAQ·경기일 운영 공지 | M29: 재입장 규정 | N29: STRUCTURAL_GAP | O29: 3차에서 KBO 본부 자료까지 확대 검증. KBO 경기장 안전가이드라인 페이지도 텍스트가 아닌 이미지 그래픽으로만 게시되며 재입장 조항이 없음. 한화 공식 FAQ 전 항목, KT 입장안내, SSG 티켓, LG·키움 예매안내에도 재입장 문구 없음 → 리그·구단 공통 미발행으로 확정. | P29: https://www.koreabaseball.com/kbo/businessandevent/safeguide.aspx

Sheet 파일2_F&B콘텐츠
A1: 파일2 · F&B/콘텐츠 Backlog 설명
A3: Backlog ID | B3: 구장코드 | C3: 구장 | D3: 무엇을 못 찾았나 | E3: 현재까지 공식적으로 확인한 것 | F3: 그래도 아직 못 찾은 것 | G3: 재검증 결과 | H3: 왜 미확인/주의사항 | I3: 다음 공식 확인처 | J3: 공식 출처 URL | K3: 구조적 분류(3차) | L3: 3차 재검증 결과 | M3: 3차에서 새로 확보한 것 | N3: 3차 근거 출처
A4: B01 | B4: JAMSIL | C4: 잠실야구장 | D4: 세부 메뉴·매장별 운영시간·2026 상설 포토존/이벤트 통합 안내 | E4: 서울시 잠실야구장 현행 시설 페이지와 LG/두산 공식 안내를 재검색했으나 세부 메뉴·매장별 시간·2026 상설 콘텐츠 통합안내는 없음. | F4: 세부 메뉴·매장별 운영시간·2026 상설 포토존/이벤트 통합 안내 | G4: NOT_FOUND | I4: 두산·LG 공식 구단소식 및 서울시 체육시설 공지 재확인 | J4: https://stadium.seoul.go.kr/about/jsbpark | K4: 매장별 운영시간 | L4: STRUCTURAL_GAP | M4: 세부 메뉴·매장별 운영시간은 3차에서도 미발행. 다만 서울시 잠실야구장 시설 페이지에서 좌석 24,411석·수용 25,000명이 기존 값과 일치함을 확인(교차검증 통과)했고, 경기장면적 26,331㎡·건축연면적 45,312㎡·2000-01-01부터 LG스포츠/두산베어스 민간위탁을 신규 확보. | N4: https://stadium.seoul.go.kr/about/jsbpark
A5: B02 | B5: GOCHEOK | C5: 고척스카이돔 | D5: 매장별 운영시간 | E5: 서울시설공단 현행 입점업체/FAQ를 재확인했으나 음식점 개별 영업시간 표는 확인되지 않음. | F5: 매장별 운영시간 | G5: NOT_FOUND | H5: 매점 수·종류/점포는 확인 가능하나 개별 운영시간이 없음. | I5: 서울시설공단·키움의 매장 운영 공지에서 영업시간 재확인 | J5: https://www.sisul.or.kr/open_content/skydome/guidance/enterprise.jsp | K5: 매장별 운영시간 | L5: STRUCTURAL_GAP | M5: 매장별 영업시간은 여전히 미발행. 다만 서울시설공단 시설현황에서 층별 매점 위치(4층 매점 / 3층 스카이박스·매점·방송실·아기쉼터 / 2층 매점·귀빈실·아기쉼터)와 주차 484면·전기차충전소를 신규 확보. 관람석 16,601석도 기존 값과 일치. | N5: https://www.sisul.or.kr/open_content/skydome/introduce/facility.jsp
A6: B03 | B6: MUNHAK | C6: 인천 SSG 랜더스필드 | D6: 매장별 운영시간 | E6: SSG 공식 구장/2026 리뉴얼 자료를 재검색했으나 F&B 매장별 영업시간은 구조화해 공개되지 않음. | F6: 매장별 운영시간 | G6: NOT_FOUND | I6: SSG 앱/구단 공지에서 F&B 개별 운영시간 재확인 | J6: https://app.ssglanders.com/stadium | K6: 매장별 운영시간 | L6: STRUCTURAL_GAP | M6: SSG 공식 티켓·좌석 페이지가 좌석도·가격표·할인 안내 모두 이미지로만 게시됨을 확인. F&B 매장별 운영시간은 3차에서도 미발행. | N6: https://www.ssglanders.com/game/ticket
A7: B04 | B7: SUWON | C7: 수원 KT 위즈파크 | D7: 메뉴 상세·매장별 운영시간·상설 포토존 | E7: KT 공식 '2026 kt wiz park F&B 운영 사업자 입찰공고'(2025-12-30)를 추가 확인. | F7: 최종 입점 매장별 상세 메뉴·개별 운영시간·상설 포토존 | G7: SUPPORTING_ONLY | H7: 사업자 모집 공고이므로 최종 2026 입점 결과·영업시간을 확정할 수 없음. | I7: KT 공식 이벤트/매장정보 업데이트 재확인 | J7: https://www.ktwiz.co.kr/media/wizpress/197753 | K7: 매장별 운영시간 | L7: STRUCTURAL_GAP | M7: KT 공식 '구장 내 매장정보' 페이지를 직접 열람했으나 2층 F&B 안내도 이미지 1장이 전부로, 메뉴 상세·매장별 운영시간·상설 포토존은 미발행. 부수 확보: 공식 입장안내에서 '경기 시작 2시간 전부터 입장 가능'을 확인 → 구장정보 파일 Team Policies 신규 반영 대상. | N7: https://www.ktwiz.co.kr/ticket/store / https://www.ktwiz.co.kr/ticket/entrance
A8: B05 | B8: DAEJEON | C8: 대전 한화생명 볼파크 | D8: 38개 매장 개별 브랜드·정확한 위치·전체 메뉴·운영시간 | E8: 한화 공식 2026 자료에서 총 38개 식음매장 수는 재확인되지만 38개 점포 전체의 브랜드·정확 위치·메뉴·시간 목록은 미공개. | F8: 38개 매장 개별 브랜드·정확한 위치·전체 메뉴·운영시간 | G8: NOT_FOUND | I8: 한화 공식 SNS·구장 신규 안내도에서 38개 개별 매장 목록 확인 | J8: https://www.hanwhaeagles.co.kr/FA/CN/PCFACN02.do?id=1859 | K8: 매장별 운영시간 | L8: PARTIAL_FILLED | M8: 더본코리아 공식 보도자료에서 3루측 '더본 테이스티' 8개 브랜드 실명 확보 — 빽다방빵연구소·새마을식당·역전우동·빽보이피자·한신포차·연돈볼카츠·백스비어·고투웍. 대표 메뉴 3종(최강한화 홈런볼빵, 컵 우동·비빔면, 홈플레이트 세트메뉴)도 확인. 아라마크는 1루측에서 미국식 핫도그·햄버거·나초 운영. ※ 보도자료가 2025-03-04 기준이라 2026 유지 여부 재확인 필요. 38개 전체 목록과 운영시간은 여전히 미발행. | N8: https://www.theborn.co.kr (더본코리아 공식, 2025-03-04) / https://isplus.com/article/view/isp202502180074
A9: B06 | B9: DAEGU | C9: 대구 삼성 라이온즈파크 | D9: 전체 F&B 브랜드·위치·개별 운영시간(HOUSE OF LIONS 외) | E9: 삼성 공식 '2027-2031년 라이온즈파크 식음매장 운영사업 입찰공고'(2026-08-12)를 추가 확인. | F9: 2026 현재 전체 F&B 브랜드·위치·개별 운영시간(HOUSE OF LIONS 외) | G9: SUPPORTING_ONLY | H9: 2027년 이후 사업자 선정용 미래 공고라 2026 현재 입점 정보를 대체하지 못함. | I9: 삼성 구단 안내도·운영사 신규 공지에서 전체 입점업체 확인 | J9: https://www.samsunglions.com/intro/intro02.asp?act=view&idx=1017311 | K9: 매장별 운영시간 | L9: PARTIAL_FILLED | M9: 공식 운영사 삼성웰스토리 자료에서 'HOUSE OF LIONS' 2026 상세 확보 — 1층 외부 매장, 약 100석, 2026-03-21 공식 오픈. 4개 존: 선수 특화 Zone(선수 히스토리 테이블), 헤리티지 Zone(Historic Wall), 응원 Zone(360도 대형 스크린), CX Zone(Fan Voice 보드·Post Box·3D 피규어 포토부스). 시그니처 메뉴 7종(왕조재건 V9 플래터, 라이온즈 핫 블루치즈버거, 강민호 'Nice catch' 미트 샌드위치, 원태인 PICK! 막창타코, Blue Wave Mocktail, 버터스카치 크림 '자욱' 스타우트, 하.오.라 Cocktail). ※ 가격·운영시간 미표기. HOUSE OF LIONS 외 전체 F&B 브랜드는 여전히 미발행. | N9: https://www.story-w.co.kr/story-w/3721/Basball_HouseofLions (운영사 공식, 2026-03-27)
A10: B07 | B10: GWANGJU | C10: 광주-기아 챔피언스필드 | D10: 세부 메뉴·매장별 운영시간·상설 포토존 | E10: KIA 공식 시설/이벤트 자료를 재검색했으나 F&B 세부 메뉴·개별 시간과 상설 포토존을 함께 확정할 최신 안내는 없음. | F10: 세부 메뉴·매장별 운영시간·상설 포토존 | G10: NOT_FOUND | I10: KIA 시설 안내/식음 운영 공지에서 상설·F&B 상세 재확인 | J10: https://tigers.co.kr/tigers/champions-field/facility-guide | K10: 매장별 운영시간 | L10: STRUCTURAL_GAP | M10: KIA 공식 시설안내가 관람석 사진 갤러리로만 구성돼 F&B 세부 메뉴·매장별 운영시간·상설 포토존이 모두 미발행임을 재확인. | N10: https://tigers.co.kr/tigers/champions-field/facility-guide
A11: B08 | B11: SAJIK | C11: 사직야구장 | D11: 식음매장 세부 메뉴·개별 운영시간·상설 포토존/이벤트 | E11: 롯데 공식 F&B 안내·상시/홈경기 매장 페이지를 재확인했으나 전체 상세 메뉴와 상설 콘텐츠 통합 데이터는 부족. | F11: 식음매장 세부 메뉴·개별 운영시간·상설 포토존/이벤트 | G11: NOT_FOUND | H11: 템플릿/예시성으로 보이는 값은 실제 매장 데이터로 확정하지 않음. | I11: 롯데 공식 F&B 공지/매장별 운영 안내 추가 공개 여부 재확인 | J11: https://www.giantsclub.com/html/?pcode=909 | K11: 매장별 운영시간 | L11: PARTIAL_FILLED | M11: 2026 시즌 F&B 전면 개편 내용 확보 — 신규 입점 5곳: 송헌집(2026 부산 미슐랭 가이드 셀렉티드, 프리미엄 숯불 소시지), 박수식당(한우육회·젓갈김밥), 상하이마라꼬치, 스탠브루(롯데GRS 커피 부산 1호점), 계란빵클럽. QR 스마트 오더·배리어프리 키오스크 도입. ※ 층·구역 및 매장별 운영시간은 미기재. 보너스: 기존 Validation의 '송현집→송헌집' 오탈자 수정이 본 자료로 재확인됨. | N11: https://www.edaily.co.kr/News/Read?newsId=03690006645387256&mediaCodeNo=257 (2026-03-26)
A12: B09 | B12: CHANGWON | C12: 창원 NC파크 | D12: 메뉴·매장별 운영시간·상설 포토존 | E12: NC 공식 2026 구장 안내·이벤트 자료를 재검색했으나 F&B 메뉴·매장별 시간·상설 포토존은 미확보. | F12: 메뉴·매장별 운영시간·상설 포토존 | G12: NOT_FOUND | I12: NC 구장안내·앱 식음료 정보의 시즌별 업데이트 재확인 | J12: https://www.ncdinos.com/dinos/stadium.do | K12: 매장별 운영시간 | L12: STRUCTURAL_GAP | M12: NC 공식 예매 안내가 1080×5442px 이미지 1장으로만 게시됨을 확인. F&B 메뉴·매장별 운영시간·상설 포토존은 3차에서도 미발행. | N12: https://ticket.ncdinos.com/product/2026-regular-ticket.jpg

Sheet 신규확보데이터
A1: 3차 재검증 신규 확보 데이터 — 본 데이터셋 반영 후보
A2: Backlog 항목 자체는 아니지만 3차 조사에서 공식 근거로 새로 확인된 값입니다. 구장정보/F&B 원본 파일의 해당 시트에 반영할 후보입니다.
A3: No | B3: 반영 대상(파일·시트) | C3: 구장코드 | D3: 항목 | E3: 확보한 값 | F3: 출처 | G3: 출처 성격 | H3: 자료일 / 확인일
A4: 1 | B4: 구장정보 · Team Policies | C4: SUWON | D4: 입장 시간 | E4: 경기 시작 2시간 전부터 입장 가능 | F4: kt wiz 공식 '입장 시간 및 방법' | G4: 구단 공식(이미지) | H4: 2026-09-05 열람
A5: 2 | B5: 구장정보 · Transport | C5: GOCHEOK | D5: 주차 면수 | E5: 484면, 전기차충전소 구비 | F5: 서울시설공단 고척스카이돔 시설현황 | G5: 운영기관 공식 | H5: 2026-09-05 열람
A6: 3 | B6: 구장정보 · Facilities | C6: GOCHEOK | D6: 층별 시설 | E6: 4층 매점 / 3층 스카이박스·매점·방송실·아기쉼터 / 2층 매점·귀빈실·아기쉼터 / 1층 그라운드·선수실·헬스장·관리사무실·어린이놀이터 / B1 선수연습실·주차장·서울아트책보고 / B2 수영장·주차장 | F6: 서울시설공단 고척스카이돔 시설현황 | G6: 운영기관 공식 | H6: 2026-09-05 열람
A7: 4 | B7: 구장정보 · Transport | C7: DAEJEON | D7: 주차 운영조건 | E7: 지하주차장은 지하 1층만 사용 / 입차는 경기장 입장시간 1시간 전부터(평일 3시간 전, 주말 3시간 30분 전) / 선착순 운영, 만차 시 지상·외부 주차장 이용 → reservation_required=N | F7: 한화 이글스 공식 FAQ | G7: 구단 공식 | H7: 2026-09-05 열람
A8: 5 | B8: 구장정보 · Policies | C8: DAEJEON | D8: 음료 반입 | E8: 미개봉 음료에 한해 1인당 PET 1개 또는 캔 2개, 총 반입 용량 1L 이하. 유리병·1L 초과 반입 금지 | F8: 한화 이글스 공식 FAQ | G8: 구단 공식 | H8: 2026-09-05 열람
A9: 6 | B9: 구장정보 · Policies | C9: DAEJEON | D9: 음식물 반입 | E9: 반입금지 품목 외 음식물은 소지품 크기·개수 허용 범위 내 반입 가능. 뜨거운 국물류·냄새가 강한 음식·던질 수 있는 과일류 제한. 미리 잘라온 과일은 가능 | F9: 한화 이글스 공식 FAQ | G9: 구단 공식 | H9: 2026-09-05 열람
A10: 7 | B10: 구장정보 · Team Policies | C10: DAEJEON | D10: 예매 한도·연령 기준 | E10: 1인 4매까지, 최대 2회 예매 가능 / 어린이 13세 이하, 학생 14~19세 / 36개월 이상부터 티켓 구매 필요 | F10: 한화 이글스 공식 FAQ | G10: 구단 공식 | H10: 2026-09-05 열람
A11: 8 | B11: 구장정보 · Ticket Prices | C11: CHANGWON | D11: 2026 시즌티켓 체계 | E11: N타입(모바일앱)·C타입(지류 티켓북)·스카이박스·드림티켓 4종, 홈 73경기 기준. 드림티켓 399,000원 = 정가의 50% → 내야석 1·2층 시즌권 정가 798,000원 역산(60석, 1인 최대 4매) | F11: NC 다이노스 공식 공지 | G11: 구단 공식 | H11: 2026-02-07
A12: 9 | B12: 구장정보 · Seat Experience | C12: CHANGWON | D12: 시즌권 혜택 | E12: 시즌티켓 전용 게이트 30분 빠른 입장 / 포스트시즌 홈경기 우선 예매권 / 2027 동일 좌석 선점권 / 프리미엄석·프리미엄 테이블석은 지하주차장 주차권 제공 | F12: NC 다이노스 공식 공지 | G12: 구단 공식 | H12: 2026-02-07
A13: 10 | B13: F&B · Food Stores | C13: DAEJEON | D13: 더본 테이스티 8개 브랜드 | E13: 3루측: 빽다방빵연구소·새마을식당·역전우동·빽보이피자·한신포차·연돈볼카츠·백스비어·고투웍. 대표 메뉴: 최강한화 홈런볼빵, 컵 우동·비빔면, 홈플레이트 세트메뉴 | F13: 더본코리아 공식 보도자료 | G13: 운영사 공식 | H13: 2025-03-04 (2026 유지 여부 재확인 필요)
A14: 11 | B14: F&B · Food Stores | C14: DAEJEON | D14: 아라마크 운영 구역 | E14: 1루측에서 미국식 핫도그·햄버거·나초 운영. 전체 30여개 브랜드 입점(개별 목록 미공개) | F14: 일간스포츠 | G14: 언론(구단 발표 기반) | H14: 2025-02-18
A15: 12 | B15: F&B · Food Stores / Attractions | C15: DAEGU | D15: HOUSE OF LIONS | E15: 1층 외부 매장, 약 100석, 2026-03-21 오픈. 4개 존(선수 특화/헤리티지/응원/CX)과 시그니처 메뉴 7종. 3D 피규어 포토부스=PHOTOZONE, Historic Wall=HISTORY로 Attractions 신규 레코드화 가능 | F15: 삼성웰스토리 공식 | G15: 운영사 공식 | H15: 2026-03-27
... A17: 14 | B17: 구장정보 · Stadiums | C17: JAMSIL | D17: 시설 규모(보강) | E17: 경기장면적 26,331㎡, 건축연면적 45,312㎡, 2000-01-01부터 LG스포츠·두산베어스 민간위탁. 좌석 24,411석·수용 25,000명은 기존 값과 일치(교차검증 통과) | F17: 서울특별시 잠실야구장 소개 | G17: 지자체 공식 | H17: 2026-09-05 열람

Sheet 3차출처
A1: 3차 재검증 출처 목록 (2026-09-05)
A3: 출처ID | B3: 발행기관 | C3: 자료명 | D3: URL | E3: 공식성 등급 | F3: 자료일 / 확인일 | G3: 비고
A4: T01 | B4: 국토교통부(소관) / 지방자치단체(제공) | C4: 전국주차장정보표준데이터 | D4: https://www.data.go.kr/data/15012896/standard.do | E4: 정부 표준데이터 | F4: 최종수정 2026-04-20 | G4: 33개 항목·반기 갱신. 주차구획수·기본요금·추가단위요금·월정기권·운영시간(평일/토/공휴일) 포함. 주차 Backlog 3건 해결 경로
A5: T02 | B5: 행정안전부 / 지방자치단체 251개 | C5: 전국공공시설개방정보표준데이터 | D5: https://www.data.go.kr/data/15013117/standard.do | E5: 정부 표준데이터 | F5: 최종수정 2026-06-05 | G5: 분기 갱신. 야구장 포함. 개방시간·이용료·수용인원·면적·부대시설·휴관일·관리기관·연락처
A6: T03 | B6: 문화체육관광부 | C6: 2025 전국 공공체육시설 현황(종합본).xlsx | D6: https://www.mcst.go.kr/site/s_policy/dept/deptView.jsp?pSeq=2107&pDataCD=0417000000&pType=07 | E6: 정부 공식 통계 | F6: 발행 2026-02-05 (기준 2024-12-31) | G6: 구장 수용인원 교차검증용
A7: T04 | B7: NC 다이노스 | C7: 2026 시즌티켓 판매 개시 공지 | D7: https://www.ncdinos.com/dinos/notice/view.do?seq=541889 | E7: 구단 공식 | F7: 2026-02-07 | G7: 시즌티켓 4종 체계·드림티켓 399,000원. 스카이박스 문의판매 확인
A8: T05 | B8: 삼성웰스토리 | C8: 2026 대구 삼성라이온즈파크 HOUSE OF LIONS | D8: https://www.story-w.co.kr/story-w/3721/Basball_HouseofLions | E8: 운영사 공식 | F8: 2026-03-27 | G8: 4개 존·시그니처 메뉴 7종·2026-03-21 오픈
A9: T06 | B9: 더본코리아 | C9: 더본 테이스티 야구장 첫 상륙 | D9: https://www.theborn.co.kr | E9: 운영사 공식 | F9: 2025-03-04 | G9: 대전 3루측 8개 브랜드 실명
A10: T07 | B10: 한화 이글스 | C10: 고객센터 FAQ (대전한화생명볼파크) | D10: https://www.hanwhaeagles.co.kr/ETC/CU/ETCCUCUI01.do?kind=FQ2 | E10: 구단 공식 | F10: 2026-09-05 열람 | G10: 주차 운영조건·음료/음식물 반입·예매 한도
A11: T08 | B11: kt wiz | C11: 입장 시간 및 방법 / 구장 내 매장정보 | D11: https://www.ktwiz.co.kr/ticket/entrance | E11: 구단 공식(이미지) | F11: 2026-09-05 열람 | G11: 입장 2시간 전 확인. 매장정보는 F&B 안내도 이미지 1장
A12: T09 | B12: 서울시설공단 | C12: 고척스카이돔 시설현황 | D12: https://www.sisul.or.kr/open_content/skydome/introduce/facility.jsp | E12: 운영기관 공식 | F12: 2026-09-05 열람 | G12: 주차 484면·층별 매점 위치·관람석 16,601석
A13: T10 | B13: 서울특별시 | C13: 잠실야구장 소개 | D13: https://stadium.seoul.go.kr/about/jsbpark | E13: 지자체 공식 | F13: 2026-09-05 열람 | G13: 좌석·수용인원 교차검증 통과, 면적·위탁운영 신규
A14: T11 | B14: KBO | C14: 경기장 안전가이드라인 | D14: https://www.koreabaseball.com/kbo/businessandevent/safeguide.aspx | E14: 리그 공식(이미지) | F14: 2026-09-05 열람 | G14: 재입장 조항 부재 확인 — STRUCT_REENTRY 근거
... A18: T15 | B18: 대구광역시 | C18: 통합주차정보시스템 | D18: https://pis.daegu.go.kr/ | E18: 지자체 공식 시스템 | F18: 2026-09-05 열람 (공지 2026-04-07) | G18: 수성구 공영·민간·개방주차 실시간 정보 제공
